<?xml version="1.0" encoding="UTF-8" standalone="no"?>
<window xmlns="http://jmix.io/schema/ui/window"
        caption="msg://patientsEdit.caption"
        focusComponent="form">
    <data>
        <instance id="patientsDc"
                  class="com.company.appointmentmanagementsystem.entity.Patients">
            <fetchPlan extends="_base">
                <property name="doctorDetails" fetchPlan="_base"/>
            </fetchPlan>
        </instance>
        <collection id="doctorsDc"
                    class="com.company.appointmentmanagementsystem.entity.Doctor">
            <fetchPlan extends="_base"/>
            <loader id="doctorsDl">
                <query>
                    <![CDATA[select e from Doctor e]]>
                </query>
            </loader>
        </collection>
    </data>
    <facets>
        <dataLoadCoordinator auto="true"/>
        <screenSettings id="settingsFacet" auto="true"/>
    </facets>
    <actions>
        <action id="windowCommitAndClose" caption="msg:///actions.Ok"
                icon="EDITOR_OK"
                primary="true"
                shortcut="${COMMIT_SHORTCUT}"/>
        <action id="windowClose"
                caption="msg:///actions.Close"
                icon="EDITOR_CANCEL"/>
    </actions>
    <dialogMode height="600"
                width="800"/>
    <layout spacing="true" expand="editActions">
        <form id="form" dataContainer="patientsDc">
            <column width="350px">
                <textField id="nameField" property="fullName"/>
                <textField id="contactField" property="contact"/>
                <dateField id="dateOfBirthField" property="dateOfBirth"/>
                <textArea id="reasonForVisitField" property="reasonForVisit"/>
                <entityComboBox id="doctorDetails" property="doctorDetails" optionsContainer="doctorsDc"/>
                <textField id="doctorsNameField" property="doctorsName" editable="false"/>
                <textField id="doctorSpecializationField" property="doctorSpecialization" editable="false"/>
                <dateField id="dateOfAppointmentField" property="dateOfAppointment" />
                <checkBox id="statusField" property="status" editable="false" visible="false"/>
                <!--                <dateField id="dateField" property="dateOfAppointment"/>-->
                <!--                <checkBox id="statusField" property="status" visible="false"/>-->
                <!--                <entityComboBox id="doctorDetails" property="doctorDetails" optionsContainer="doctorsDc" nullOptionVisible="false"/>-->
                <!--&lt;!&ndash;                <EntityComboBox id="doctorDetails" property="doctorDetails" optionsContainer="doctorsDc" caption="name"/>&ndash;&gt;-->
                <!--                <textField id="doctorNameField" property="doctorsName" editable="false" textChangeEventMode="EAGER"/>-->
                <!--                <textField id="doctorSpecializationField" property="doctorSpecialization" editable="false" textChangeEventMode="EAGER"/>-->
            </column>
        </form>
        <hbox id="editActions" spacing="true">
            <button id="commitAndCloseBtn" responsive="true" action="windowCommitAndClose"/>
            <button id="closeBtn" action="windowClose"/>
        </hbox>
    </layout>
</window>
