<?xml version="1.0" encoding="UTF-8" standalone="no"?>
<window xmlns="http://jmix.io/schema/ui/window"
        xmlns:c="http://jmix.io/schema/ui/jpql-condition"
        caption="msg://patientsBrowse.caption"
        focusComponent="patientsesTable">
    <data readOnly="true">
        <collection id="patientsesDc"
                    class="com.company.appointmentmanagementsystem.entity.Patients">
            <fetchPlan extends="_base">
                <property name="doctorDetails" fetchPlan="_base"/>
            </fetchPlan>
            <loader id="patientsesDl">
                <query>
                    <![CDATA[select e from Patients e]]>
                </query>
            </loader>
        </collection>
    </data>
    <facets>
        <dataLoadCoordinator auto="true"/>
        <screenSettings id="settingsFacet" auto="true"/>
    </facets>
    <actions>
        <action id="lookupSelectAction"
                caption="msg:///actions.Select"
                icon="LOOKUP_OK"
                primary="true"
                shortcut="${COMMIT_SHORTCUT}"/>
        <action id="lookupCancelAction"
                caption="msg:///actions.Cancel"
                icon="LOOKUP_CANCEL"/>
    </actions>
    <dialogMode height="600"
                width="800"/>
    <layout expand="patientsesTable" spacing="true">
        <filter id="filter"
                dataLoader="patientsesDl">
            <properties include=".*"/>
        </filter>
        <groupTable id="patientsesTable"
                    width="100%"
                    dataContainer="patientsesDc">
            <actions>
                <action id="create" type="create"/>
                <action id="edit" type="edit"/>
                <action id="remove" type="remove"/>
            </actions>
            <columns>
                <column id="fullName"/>
                <column id="contact"/>
                <column id="dateOfBirth"/>
                <column id="doctorsName"/>
                <column id="doctorSpecialization"/>
                <column id="dateOfAppointment"/>
                <column id="reasonForVisit"/>
                <column id="status"/>
                <!--                <column id="doctorDetails"/>-->
                <!--                <column id="doctorsName"/>-->
                <!--                <column id="doctorSpecialization"/>-->
                <!--                <column id="dateOfAppointment"/>-->
                <!--                <column id="status"/>-->
            </columns>
            <simplePagination/>
            <buttonsPanel id="buttonsPanel"
                          alwaysVisible="true">
                <button id="createBtn" action="patientsesTable.create" caption="Book Appointment"/>
                <button id="editBtn" action="patientsesTable.edit"/>
                <button id="removeBtn" action="patientsesTable.remove"/>
            </buttonsPanel>
        </groupTable>
        <hbox id="lookupActions" spacing="true" visible="false">
            <button action="lookupSelectAction"/>
            <button action="lookupCancelAction"/>
        </hbox>
    </layout>
</window>
