<?xml version="1.0" encoding="UTF-8" standalone="no"?>
<window xmlns="http://jmix.io/schema/ui/window"
        xmlns:c="http://jmix.io/schema/ui/jpql-condition"
        caption="msg://viewExpense.caption"
        focusComponent="expensesTable">
    <data readOnly="true">
        <collection id="expensesDc"
                    class="com.sainath.expensetracker.entity.Expense">
            <fetchPlan extends="_base"/>
            <loader id="expensesDl">
                <query>
                    <![CDATA[select e from Expense e]]>
                </query>
            </loader>
        </collection>

    </data>
    <facets>
        <dataLoadCoordinator auto="true"/>
        <screenSettings id="settingsFacet" auto="true"/>
    </facets>
    <actions>
        <action id="lookupSelectAction"
                caption="msg:///actions.Select"
                icon="LOOKUP_OK"
                primary="true"
                shortcut="${COMMIT_SHORTCUT}"/>
        <action id="lookupCancelAction"
                caption="msg:///actions.Cancel"
                icon="LOOKUP_CANCEL"/>
    </actions>
    <dialogMode height="600"
                width="800"/>
    <layout expand="expensesTable" spacing="true">
<!--        <filter id="filter"-->
<!--                dataLoader="expensesDl">-->
<!--            <properties include=".*"/>-->
<!--        </filter>-->
        <groupTable id="expensesTable"
                    width="100%"
                    dataContainer="expensesDc">
            <columns>
                <column id="date"/>
                <column id="amount"/>
                <column id="category"/>
                <column id="paymentMethod"/>
                <column id="description"/>
                <column id="edit" caption=""/>
                <column id="delete" caption=""/>
            </columns>
            <simplePagination/>
            <buttonsPanel id="buttonsPanel"
                          alwaysVisible="true">
                <button id="createBtn" caption="Create" stylename="primary"/>
            </buttonsPanel>
        </groupTable>
        <hbox id="lookupActions" spacing="true" visible="false">
            <button action="lookupSelectAction"/>
            <button action="lookupCancelAction"/>
        </hbox>
    </layout>
</window>
