<?xml version="1.0" encoding="UTF-8"?>
<databaseChangeLog
        xmlns="http://www.liquibase.org/xml/ns/dbchangelog"
        xmlns:xsi="http://www.w3.org/2001/XMLSchema-instance"
        xsi:schemaLocation="http://www.liquibase.org/xml/ns/dbchangelog
                      http://www.liquibase.org/xml/ns/dbchangelog/dbchangelog-4.11.xsd"
        objectQuotingStrategy="QUOTE_ONLY_RESERVED_WORDS">
    <changeSet id="1" author="ExpenseTracker">
        <createTable tableName="EXPENSE">
            <column name="ID" type="UUID">
                <constraints nullable="false" primaryKey="true" primaryKeyName="PK_EXPENSE"/>
            </column>
            <column name="DATE" type="DATE"/>
            <column name="AMOUNT" type="BIGINT">
                <constraints nullable="false"/>
            </column>
            <column name="CATEGORY" type="VARCHAR(255)"/>
            <column name="PAYMENT_METHOD" type="VARCHAR(255)"/>
            <column name="DESCRIPTION" type="CLOB"/>
        </createTable>
    </changeSet>
</databaseChangeLog>
