<?xml version="1.0" encoding="UTF-8" standalone="no"?>
<menu-config xmlns="http://jmix.io/schema/ui/menu">

    <menu id="application" caption="msg://com.sainath.expensetracker/menu.application" insertBefore="administration">
        <item screen="User.browse" caption="msg://com.sainath.expensetracker.screen.user/UserBrowse.caption"/>
        <item screen="themeSettingsScreen" caption="msg://io.jmix.ui.app.themesettings/themeSettings.caption"/>
        <item screen="View.expense" caption="msg://com.sainath.expensetracker.screen.expense/viewExpense.menu"/>
    </menu>

<!--    <menu id="verify" caption="Verify" insertBefore="application">-->
<!--        <item screen="VerifyOtp" caption="Verify"/>-->
<!--    </menu>-->

<!--    <item screen="Edit.expense" caption="msg://com.sainath.expensetracker.screen.expense/editExpense.menu" openMode="DIALOG"/>-->

</menu-config>
