<?xml version="1.0" encoding="UTF-8"?>
<databaseChangeLog
        xmlns="http://www.liquibase.org/xml/ns/dbchangelog"
        xmlns:xsi="http://www.w3.org/2001/XMLSchema-instance"
        xsi:schemaLocation="http://www.liquibase.org/xml/ns/dbchangelog
                      http://www.liquibase.org/xml/ns/dbchangelog/dbchangelog-4.11.xsd"
        objectQuotingStrategy="QUOTE_ONLY_RESERVED_WORDS">
    <changeSet id="1" author="ExpenseTracker">
        <addColumn tableName="EXPENSE">
            <column name="USER_ID" type="UUID"/>
        </addColumn>
    </changeSet>
    <changeSet id="2" author="ExpenseTracker">
        <createIndex indexName="IDX_EXPENSE_USER" tableName="EXPENSE">
            <column name="USER_ID"/>
        </createIndex>

        <addForeignKeyConstraint baseColumnNames="USER_ID" baseTableName="EXPENSE" constraintName="FK_EXPENSE_ON_USER"
                                 onDelete="CASCADE" referencedColumnNames="ID" referencedTableName="USER_"/>
    </changeSet>
</databaseChangeLog>
