<?xml version="1.0" encoding="UTF-8"?>
<databaseChangeLog
        xmlns="http://www.liquibase.org/xml/ns/dbchangelog"
        xmlns:xsi="http://www.w3.org/2001/XMLSchema-instance"
        xsi:schemaLocation="http://www.liquibase.org/xml/ns/dbchangelog
                      http://www.liquibase.org/xml/ns/dbchangelog/dbchangelog-4.11.xsd"
        objectQuotingStrategy="QUOTE_ONLY_RESERVED_WORDS">
    <changeSet id="1" author="AppointmentManagementSystem">
        <createTable tableName="APPOINTMENTS">
            <column name="ID" type="UUID">
                <constraints nullable="false" primaryKey="true" primaryKeyName="PK_APPOINTMENTS"/>
            </column>
            <column name="PATIENT_ID" type="UUID"/>
            <column name="CONTACT" type="BIGINT"/>
            <column name="DOCTOR_ID" type="UUID"/>
            <column name="DATE_TIME" type="DATETIME"/>
            <column name="STATUS" type="BOOLEAN"/>
        </createTable>
    </changeSet>
    <changeSet id="2" author="AppointmentManagementSystem">
        <createTable tableName="DOCTOR">
            <column name="ID" type="UUID">
                <constraints nullable="false" primaryKey="true" primaryKeyName="PK_DOCTOR"/>
            </column>
            <column name="NAME" type="VARCHAR(255)">
                <constraints nullable="false"/>
            </column>
            <column name="SPECIALIZATION" type="VARCHAR(255)"/>
        </createTable>
    </changeSet>
    <changeSet id="3" author="AppointmentManagementSystem">
        <createTable tableName="PATIENTS">
            <column name="ID" type="UUID">
                <constraints nullable="false" primaryKey="true" primaryKeyName="PK_PATIENTS"/>
            </column>
            <column name="NAME" type="VARCHAR(255)">
                <constraints nullable="false"/>
            </column>
            <column name="CONTACT" type="BIGINT"/>
        </createTable>
    </changeSet>
    <changeSet id="4" author="AppointmentManagementSystem">
        <createIndex indexName="IDX_APPOINTMENTS_DOCTOR" tableName="APPOINTMENTS">
            <column name="DOCTOR_ID"/>
        </createIndex>

        <addForeignKeyConstraint baseColumnNames="DOCTOR_ID" baseTableName="APPOINTMENTS"
                                 constraintName="FK_APPOINTMENTS_ON_DOCTOR" referencedColumnNames="ID"
                                 referencedTableName="DOCTOR"/>
    </changeSet>
    <changeSet id="5" author="AppointmentManagementSystem">
        <createIndex indexName="IDX_APPOINTMENTS_PATIENT" tableName="APPOINTMENTS">
            <column name="PATIENT_ID"/>
        </createIndex>

        <addForeignKeyConstraint baseColumnNames="PATIENT_ID" baseTableName="APPOINTMENTS"
                                 constraintName="FK_APPOINTMENTS_ON_PATIENT" referencedColumnNames="ID"
                                 referencedTableName="PATIENTS"/>
    </changeSet>
</databaseChangeLog>