<?xml version="1.0" encoding="UTF-8"?>
<databaseChangeLog
        xmlns="http://www.liquibase.org/xml/ns/dbchangelog"
        xmlns:xsi="http://www.w3.org/2001/XMLSchema-instance"
        xsi:schemaLocation="http://www.liquibase.org/xml/ns/dbchangelog
                      http://www.liquibase.org/xml/ns/dbchangelog/dbchangelog-4.11.xsd"
        objectQuotingStrategy="QUOTE_ONLY_RESERVED_WORDS">
    <changeSet id="1" author="AppointmentManagementSystem">
        <addColumn tableName="PATIENTS">
            <column name="DOCTOR_DETAILS_ID" type="UUID"/>
        </addColumn>
    </changeSet>
    <changeSet id="2" author="AppointmentManagementSystem">
        <createIndex indexName="IDX_PATIENTS_DOCTOR_DETAILS" tableName="PATIENTS">
            <column name="DOCTOR_DETAILS_ID"/>
        </createIndex>

        <addForeignKeyConstraint baseColumnNames="DOCTOR_DETAILS_ID" baseTableName="PATIENTS"
                                 constraintName="FK_PATIENTS_ON_DOCTOR_DETAILS" referencedColumnNames="ID"
                                 referencedTableName="DOCTOR"/>
    </changeSet>
</databaseChangeLog>