<?xml version="1.0" encoding="UTF-8"?>
<databaseChangeLog
        xmlns="http://www.liquibase.org/xml/ns/dbchangelog"
        xmlns:xsi="http://www.w3.org/2001/XMLSchema-instance"
        xsi:schemaLocation="http://www.liquibase.org/xml/ns/dbchangelog
                      http://www.liquibase.org/xml/ns/dbchangelog/dbchangelog-4.11.xsd"
        objectQuotingStrategy="QUOTE_ONLY_RESERVED_WORDS">
    <changeSet id="1" author="AppointmentManagementSystem">
        <createTable tableName="AMS_USER">
            <column name="ID" type="UUID">
                <constraints nullable="false" primaryKey="true" primaryKeyName="PK_AMS_USER"/>
            </column>
            <column name="EMAIL" type="VARCHAR(255)"/>
            <column name="PASSWORD" type="VARCHAR(255)"/>
        </createTable>
    </changeSet>
</databaseChangeLog>