<?xml version="1.0" encoding="UTF-8" standalone="no"?>
<menu-config xmlns="http://jmix.io/schema/ui/menu">

    <menu id="application" caption="msg://com.company.appointmentmanagementsystem/menu.application" insertBefore="administration">
        <item screen="User.browse" caption="msg://com.company.appointmentmanagementsystem.screen.user/UserBrowse.caption"/>
        <item screen="themeSettingsScreen" caption="msg://io.jmix.ui.app.themesettings/themeSettings.caption"/>
        <item screen="Appointments.browse"
              caption="msg://com.company.appointmentmanagementsystem.screen.appointments/appointmentsBrowse.menu"/>
        <item screen="Doctor.browse"
              caption="msg://com.company.appointmentmanagementsystem.screen.doctor/doctorBrowse.menu"/>
        <item screen="Patients.browse"
              caption="msg://com.company.appointmentmanagementsystem.screen.patients/patientsBrowse.menu"/>
        <item screen="AMSUser.edit"
              caption="AMS User"/>
    </menu>

</menu-config>