<?xml version="1.0" encoding="UTF-8"?>
<databaseChangeLog
        xmlns="http://www.liquibase.org/xml/ns/dbchangelog"
        xmlns:xsi="http://www.w3.org/2001/XMLSchema-instance"
        xsi:schemaLocation="http://www.liquibase.org/xml/ns/dbchangelog
                      http://www.liquibase.org/xml/ns/dbchangelog/dbchangelog-4.11.xsd"
        objectQuotingStrategy="QUOTE_ONLY_RESERVED_WORDS">
    <changeSet id="1" author="AppointmentManagementSystem">
        <addColumn tableName="PATIENTS">
            <column name="DATE_OF_APPOINTMENT" type="DATETIME"/>
            <column name="STATUS" type="BOOLEAN"/>
        </addColumn>
    </changeSet>
    <changeSet id="2" author="AppointmentManagementSystem">
        <dropColumn columnName="PATIENT_NAME" tableName="APPOINTMENTS"/>
    </changeSet>
</databaseChangeLog>