<?xml version="1.0" encoding="UTF-8"?>
<databaseChangeLog
        xmlns="http://www.liquibase.org/xml/ns/dbchangelog"
        xmlns:xsi="http://www.w3.org/2001/XMLSchema-instance"
        xsi:schemaLocation="http://www.liquibase.org/xml/ns/dbchangelog
                      http://www.liquibase.org/xml/ns/dbchangelog/dbchangelog-4.11.xsd"
        objectQuotingStrategy="QUOTE_ONLY_RESERVED_WORDS">
    <changeSet id="1" author="AppointmentManagementSystem">
        <addColumn tableName="PATIENTS">
            <column name="DOB" type="DATETIME"/>
            <column name="REASON_FOR_VISIT" type="VARCHAR(255)"/>
        </addColumn>
    </changeSet>
    <changeSet id="2" author="AppointmentManagementSystem">
        <addColumn tableName="PATIENTS">
            <column name="FULL_NAME" type="VARCHAR(255)"/>
        </addColumn>

        <addNotNullConstraint columnName="FULL_NAME" defaultNullValue="''" tableName="PATIENTS"/>
    </changeSet>
    <changeSet id="3" author="AppointmentManagementSystem">
        <dropColumn columnName="NAME" tableName="PATIENTS"/>
    </changeSet>
</databaseChangeLog>