<?xml version="1.0" encoding="UTF-8" standalone="no"?>
<window xmlns="http://jmix.io/schema/ui/window"
        xmlns:c="http://jmix.io/schema/ui/jpql-condition"
        caption="msg://appointmentsBrowse.caption"
        focusComponent="appointmentsTable">
    <data readOnly="true">
        <collection id="appointmentsDc"
                    class="com.company.appointmentmanagementsystem.entity.Appointments">
            <fetchPlan extends="_base"/>
            <loader id="appointmentsDl">
                <query>
                    <![CDATA[select e from Appointments e]]>
                </query>
            </loader>
        </collection>
    </data>
    <facets>
        <dataLoadCoordinator auto="true"/>
        <screenSettings id="settingsFacet" auto="true"/>
    </facets>
    <actions>
        <action id="lookupSelectAction"
                caption="msg:///actions.Select"
                icon="LOOKUP_OK"
                primary="true"
                shortcut="${COMMIT_SHORTCUT}"/>
        <action id="lookupCancelAction"
                caption="msg:///actions.Cancel"
                icon="LOOKUP_CANCEL"/>
    </actions>
    <dialogMode height="600"
                width="800"/>
    <layout expand="appointmentsTable" spacing="true">
        <filter id="filter"
                dataLoader="appointmentsDl">
            <properties include=".*"/>
        </filter>
        <groupTable id="appointmentsTable"
                    width="100%"
                    dataContainer="appointmentsDc">
            <actions>
                <action id="create" type="create"/>
                <action id="edit" type="edit"/>
                <action id="remove" type="remove"/>
            </actions>
            <columns>
                <column id="contact"/>
                <column id="dateTime"/>
                <column id="status"/>
            </columns>
            <simplePagination/>
            <buttonsPanel id="buttonsPanel"
                          alwaysVisible="true">
                <button id="createBtn" action="appointmentsTable.create"/>
                <button id="editBtn" action="appointmentsTable.edit"/>
                <button id="removeBtn" action="appointmentsTable.remove"/>
                <button id="bookAppBtn" caption="Book Appointment" primary="true"/>
            </buttonsPanel>
        </groupTable>
        <hbox id="lookupActions" spacing="true" visible="false">
            <button action="lookupSelectAction"/>
            <button action="lookupCancelAction"/>
        </hbox>
    </layout>
</window>
