<?xml version="1.0" encoding="UTF-8" standalone="no"?>
<fragment xmlns="http://jmix.io/schema/ui/fragment">
    <data>
        <instance id="aMSUserDc"
                  class="com.company.appointmentmanagementsystem.entity.AMSUser">
            <fetchPlan extends="_base"/>
            <loader id="aMSUserDl" entityId="com.company.appointmentmanagementsystem.entity.AMSUser">
                <query>
                    <![CDATA[select e from AMSUser e]]>
                </query>
            </loader>
        </instance>
    </data>
    <layout>
        <hbox spacing="true">
            <vbox spacing="true">
                <textField id="emailField" property="email"/>
                <textField id="passwordField" property="password"/>
            </vbox>
            <vbox spacing="true">
                <button id="loginBtn" caption="Login"/>
            </vbox>
        </hbox>
    </layout>
</fragment>

