<window xmlns="http://jmix.io/schema/ui/window"
        caption="msg://application.caption">

    <data readOnly="true">
        <collection id="expensesDc"
                    class="com.sainath.expensetracker.entity.Expense">
            <fetchPlan extends="_base"/>
            <loader id="expensesDl">
                <query>
                    <![CDATA[select e from Expense e WHERE e.category = :category]]>
                </query>
            </loader>
        </collection>

    </data>

    <layout>
        <cssLayout id="horizontalWrap"
                   stylename="jmix-drawer-layout">
            <drawer id="drawer" expandOnHover="true">
                <cssLayout id="appTitleBox"
                           stylename="jmix-drawer-header"
                           width="100%">
                    <image id="logoImage"
                           stylename="app-icon"
                           scaleMode="SCALE_DOWN">
                        <resource>
                            <theme path="branding/app-icon-menu.svg"/>
                        </resource>
                    </image>
                    <label id="appTitleLabel"
                           stylename="app-title"
                           value="msg://application.logoLabel"/>
                </cssLayout>
                <sideMenu id="sideMenu"
                          width="100%"
                          stylename="jmix-drawer-content"/>
                <timeZoneIndicator id="timeZoneIndicator"
                                   align="MIDDLE_CENTER"/>
                <cssLayout id="controlBox"
                           stylename="jmix-drawer-footer"
                           width="100%">
                    <button id="collapseDrawerButton"
                            icon="CHEVRON_LEFT"
                            stylename="jmix-drawer-collapse-button"
                            description="msg://sideMenuCollapse"/>
                    <userIndicator id="userIndicator"
                                   align="MIDDLE_CENTER"/>
                    <logoutButton id="logoutButton"
                                  icon="SIGN_OUT"
                                  description="msg://logoutBtnDescription"/>
                </cssLayout>
            </drawer>
            <workArea id="workArea"
                      stylename="jmix-workarea"
                      height="100%">
                <initialLayout spacing="true" margin="true">
                    <tabSheet id="tabSheet" width="AUTO" align="TOP_CENTER">
                        <tab id="Travel"
                             caption="Travel"
                             margin="true"
                             spacing="true">
                            <groupTable id="travelTable"
                                        width="100%"
                                        dataContainer="expensesDc">
                                <columns>
                                    <column id="date"/>
                                    <column id="amount"/>
                                    <column id="category"/>
                                    <column id="paymentMethod"/>
                                    <column id="description"/>
                                    <column id="receipt"/>
                                </columns>
                                <simplePagination/>
                            </groupTable>
                        </tab>
                        <tab id="Shopping"
                             caption="Shopping"
                             margin="true"
                             spacing="true">
                            <groupTable id="shoppingTable"
                                        width="100%"
                                        dataContainer="expensesDc">
                                <columns>
                                    <column id="date"/>
                                    <column id="amount"/>
                                    <column id="category"/>
                                    <column id="paymentMethod"/>
                                    <column id="description"/>
                                    <column id="receipt"/>
                                </columns>
                                <simplePagination/>
                            </groupTable>
                        </tab>
                        <tab id="Food"
                             caption="Food"
                             margin="true"
                             spacing="true">
                            <groupTable id="foodTable"
                                        width="100%"
                                        dataContainer="expensesDc">
                                <columns>
                                    <column id="date"/>
                                    <column id="amount"/>
                                    <column id="category"/>
                                    <column id="paymentMethod"/>
                                    <column id="description"/>
                                    <column id="receipt"/>
                                </columns>
                                <simplePagination/>
                            </groupTable>
                        </tab>
                        <tab id="Bills"
                             caption="Bills"
                             margin="true"
                             spacing="true">
                            <groupTable id="billsTable"
                                        width="100%"
                                        dataContainer="expensesDc">
                                <columns>
                                    <column id="date"/>
                                    <column id="amount"/>
                                    <column id="category"/>
                                    <column id="paymentMethod"/>
                                    <column id="description"/>
                                    <column id="receipt"/>
                                </columns>
                                <simplePagination/>
                            </groupTable>
                        </tab>
                    </tabSheet>
                </initialLayout>
            </workArea>
        </cssLayout>
    </layout>
</window>